Outcome,Corr,PVal,N
IntracranialHemorrhage,0.24172046908133135,3.122948707917236e-113,8497
IschemicStroke,0.2239908055078651,7.059181414160125e-94,8210
Dementia,0.15092888672998794,3.321710526206208e-44,8443
MCI+Dementia,0.17087678053041716,1.739648278018433e-55,8311
Atrial_Fibrillation,0.05378565768870091,1.774683194519005e-06,7881
Myocardial_Infarction,0.25663749205927233,1.3509103835876523e-121,8073
DiabetesII,0.253765742200438,1.8258964721778324e-120,8185
Hypertension,0.25377300665566216,6.372245154009025e-84,5662
Bipolar_Disorder,0.051253239930284814,2.953733043165109e-06,8308
Depression,0.0971711024966478,3.5612558038180664e-17,7487
Death,0.22707362770618572,2.0619978532879997e-100,8550
