"","coef","Pr(>|z|)","lower .95","upper .95"
"AHI",0.000206652335978743,0.996508356596219,0.911787996608493,1.09719956153762
"Age",1.50214169491365,9.03432784112443e-88,3.87248594513433,5.20899389070919
"Sex",0.356718963646776,0.00110078598483026,1.15312793542222,1.76996493105544
"BMI",0.286268003104914,5.30186379906311e-07,1.19051959394066,1.48906165647466
"MedBenzo",0.3555313531356,0.0294051945391846,1.03623434881326,1.96495507525907
"MedAntiDep",-0.0147721919585511,0.935843638166153,0.687661167165718,1.41186943692569
"MedSedative",0.595298491362185,0.00325127752187647,1.21998003023775,2.69598193610751
"MedAntiEplipetic",0.265884932679601,0.2162309075608,0.855962892928926,1.98833602084509
"MedStimulant",0.545070388993089,0.113769239681514,0.877700909034013,3.38918734586406
