"","coef","Pr(>|z|)","lower .95","upper .95"
"REMPercTST",-0.261425341791457,3.99619359653553e-06,0.688986559853329,0.860435030099527
"Age",1.4399865559036,4.31605682463433e-81,3.64007382860883,4.89380024449892
"Sex",0.346450398946881,0.00124302692820496,1.14585075843186,1.74499801187327
"BMI",0.249432585106647,8.57691787218401e-06,1.14978895492857,1.4323074742325
"MedBenzo",0.330298769228049,0.044116154018609,1.00873793987644,1.91917912093529
"MedAntiDep",-0.0786712275121335,0.668131324260122,0.645109853291776,1.32444328182385
"MedSedative",0.600387489471902,0.00297774460458864,1.22652250959856,2.70903380469242
"MedAntiEplipetic",0.259802411095845,0.227377258203993,0.850421662463391,1.97709342933299
"MedStimulant",0.514371594333051,0.134387426970149,0.852940844215393,3.27988471147065
