"","coef","Pr(>|z|)","lower .95","upper .95"
"RED",-0.153127284565541,0.020529304394934,0.75375733894408,0.976705822917059
"Age",1.50471556527693,4.41247215074112e-75,3.83380807914644,5.28870040093437
"Sex",0.536803013554838,8.99956409586821e-06,1.34963688046511,2.16792491196152
"BMI",0.297397295007785,2.28513758678524e-06,1.19014101217229,1.52306201534865
"MedBenzo",0.341184528348203,0.0626761937733941,0.982111442431287,2.0145977518534
"MedAntiDep",0.0820678663570932,0.679253729329387,0.735690418542163,1.60172569667074
"MedSedative",0.664972939354708,0.00210340138242651,1.27272438102199,2.97066577378078
"MedAntiEplipetic",0.23812716248111,0.323638648955023,0.790778888823495,2.03600836856825
"MedStimulant",0.487342429298477,0.183747660577056,0.793573445505073,3.33974361802962
