year,RR(Q3 : median),RR(Q1 : median)
1,1.3851123244527341,0.6809177325628303
2,1.3850791229852206,0.6813897878502253
3,1.3851980223514821,0.681799102865806
4,1.3853578625546525,0.6821767131050801
5,1.3856145755509635,0.6828694849509298
6,1.3858260163078497,0.6831841735572779
7,1.3861982812709774,0.6836714242142677
8,1.3867920737776323,0.6842773133934225
Average,1.385647284906439,0.6825357165624799
