"","coef","Pr(>|z|)","lower .95","upper .95"
"BAI",0.393009128895056,4.52271850318066e-11,1.31791220692896,1.66524029569239
"Age",1.60401781928824,1.6703900290485e-94,4.26986909288876,5.79185412525241
"Sex",0.206396505526242,0.0587339167267739,0.992408937176523,1.52259030525346
"BMI",0.232547459425083,3.65857381587819e-05,1.12990749771053,1.40911119843119
"MedBenzo",0.335471141793112,0.0412190001656931,1.01345989975997,1.93010067266072
"MedAntiDep",-0.05628911219851,0.760609054502852,0.658106942725725,1.3577237842652
"MedSedative",0.547836964973658,0.00698668274733391,1.16158268271066,2.57510542005485
"MedAntiEplipetic",0.138705340367786,0.520603416678777,0.752409344040312,1.7539764078734
"MedStimulant",0.530459979251571,0.128423147641879,0.857799941280808,3.36795028018503
