Boost Model1	Boost Model2	Boost Model3	Boost Model4	Boost Model5
0.03390903398394585	0.07171912491321564	0.08776924014091493	0.14708197116851807	0.18627822399139404
