"","coef","Pr(>|z|)","lower .95","upper .95"
"WASO",0.132756442521477,0.00358324811566207,1.04438071889817,1.24868224192225
"Age",1.43671454158496,3.58599498520102e-76,3.61198639340533,4.89968645686857
"Sex",0.342698158672192,0.00141188287677278,1.14143611782456,1.7386502525597
"BMI",0.2797711614579,5.95158404666783e-07,1.18523886361985,1.4763871609759
"MedBenzo",0.368945061229645,0.0236672537058134,1.05056990123334,1.99084135820631
"MedAntiDep",-0.0027641392141299,0.987999410510387,0.695619800636992,1.42964155631
"MedSedative",0.612260942962352,0.00247946008032682,1.24069702943997,2.74244139492316
"MedAntiEplipetic",0.281127965126698,0.19141638427312,0.868800167538536,2.01959716289668
"MedStimulant",0.50907383136534,0.14074177084063,0.845116648445137,3.27536161041521
