"","coef","Pr(>|z|)","lower .95","upper .95"
"SleepEfficiency",-0.247409858147216,3.77402559233717e-05,0.694139761215813,0.878325730595234
"Age",1.41423531731402,8.00531768826332e-75,3.53524647647218,4.78596469677939
"Sex",0.341473085951226,0.00145912334830268,1.14018135554805,1.73630421221075
"BMI",0.266692528163743,1.89410883773755e-06,1.16997399857323,1.45703497423811
"MedBenzo",0.369487289831591,0.0234669685492642,1.05112964434184,1.99194020681621
"MedAntiDep",-0.00788163944637784,0.96572942836605,0.692516127225175,1.42142583059294
"MedSedative",0.617051546921128,0.00224817849817326,1.24759568192427,2.75353309584325
"MedAntiEplipetic",0.290776366277609,0.176036912153022,0.877721621015919,2.03801955209983
"MedStimulant",0.469287475748097,0.174156468465993,0.812581268172032,3.14594492747018
